Date,Mean Temperature (C),Temperature Count,Mean Pressure (mbar),Pressure Count,Mean Precipitation (mm),Precipitation Count
1974-01-01,,,,,,
1974-02-01,,,,,,
1974-03-01,,,,,,
1974-04-01,,,,,,
1974-05-01,-3.5,,,,,
1974-06-01,-3.2,,,,,
1974-07-01,-5.8,,,,,
1974-08-01,-5.8,,,,,
1974-09-01,-6.5,,,,,
1974-10-01,-1.7,,,,,
1974-11-01,0.0,,,,,
1974-12-01,1.1,,,,,
1975-01-01,3.0,,,,,
1975-02-01,2.0,,,,,
1975-03-01,1.0,,,,,
1975-04-01,1.0,,,,,
1975-05-01,-3.0,,,,,
1975-06-01,-6.0,,,,,
1975-07-01,-7.0,,,,,
1975-08-01,-8.0,,,,,
1975-09-01,-4.0,,,,,
1975-10-01,-1.0,,,,,
1975-11-01,-2.0,,,,,
1975-12-01,0.0,,,,,
1976-01-01,1.0,,,,,
1976-02-01,2.0,,,,,
1976-03-01,0.0,,,,,
1976-04-01,-1.0,,,,,
1976-05-01,-5.0,,,,,
1976-06-01,-9.0,,,,,
1976-07-01,-12.0,,,,,
1976-08-01,-16.0,,,,,
1976-09-01,-9.0,,,,,
1976-10-01,-4.0,,,,,
1976-11-01,0.0,,,,,
1976-12-01,1.0,,,,,
1977-01-01,2.0,,,,,
1977-02-01,1.0,,,,,
1977-03-01,1.0,,,,,
1977-04-01,-1.0,,,,,
1977-05-01,-5.0,,,,,
1977-06-01,-7.0,,,,,
1977-07-01,-14.0,,,,,
1977-08-01,,,,,,
1977-09-01,-11.4,,,,,
1977-10-01,-8.9,,,,,
1977-11-01,-2.2,,,,,
1977-12-01,0.0,,,,,
1978-01-01,1.0,,,,,
1978-02-01,0.7,,,,,
1978-03-01,-0.6,,,,,
1978-04-01,-3.0,,,,,
1978-05-01,-2.5,,,,,
1978-06-01,-4.9,,,,,
1978-07-01,-14.9,,,,,
1978-08-01,-11.9,,,,,
1978-09-01,-5.8,,,,,
1978-10-01,-4.0,,,,,
1978-11-01,-1.9,,,,,
1978-12-01,1.0,,,,,
1979-01-01,2.0,,,,,
1979-02-01,2.0,,,,,
1979-03-01,1.0,,,,,
1979-04-01,-1.0,,,,,
1979-05-01,-5.0,,,,,
1979-06-01,-6.0,,,,,
1979-07-01,-7.0,,,,,
1979-08-01,-7.0,,,,,
1979-09-01,-5.0,,,,,
1979-10-01,-4.0,,,,,
1979-11-01,0.0,,,,,
1979-12-01,1.7,,,,,
1980-01-01,1.9,,,,,
1980-02-01,2.2,,,,,
1980-03-01,-1.5,,,,,
1980-04-01,-4.7,,,,,
1980-05-01,-3.7,,,,,
1980-06-01,-9.3,,,,,
1980-07-01,-12.6,,,,,
1980-08-01,-13.7,,,,,
1980-09-01,-7.2,,,,,
1980-10-01,-4.0,,,,,
1980-11-01,-2.0,,,,,
1980-12-01,0.5,,,,,
1981-01-01,1.6,,,,,
1981-02-01,1.1,,,,,
1981-03-01,0.0,,,,,
1981-04-01,-1.8,,,,,
1981-05-01,-5.2,,,,,
1981-06-01,-6.3,,,,,
1981-07-01,-6.8,,,,,
1981-08-01,-8.8,,,,,
1981-09-01,-8.3,,,,,
1981-10-01,-5.3,,,,,
1981-11-01,-2.4,,,,,
1981-12-01,-0.8,,,,,
1982-01-01,-0.2,,,,,
1982-02-01,,,,,,
1982-03-01,,,,,,
1982-04-01,,,,,,
1982-05-01,-0.5,,,,,
1982-06-01,-0.8,,,,,
1982-07-01,,,,,,
1982-08-01,-7.9,,,,,
1982-09-01,-7.9,,,,,
1982-10-01,-5.5,,,,,
1982-11-01,-2.0,,,,,
1982-12-01,2.1,,,,,
1983-01-01,2.8,,,,,
1983-02-01,1.2,,,,,
1983-03-01,0.0,,,,,
1983-04-01,-1.2,,,,,
1983-05-01,-2.1,,,,,
1983-06-01,-3.0,,,,,
1983-07-01,-2.9,,,,,
1983-08-01,-4.3,,,,,
1983-09-01,-4.1,,,,,
1983-10-01,-2.8,,,,,
1983-11-01,0.3,,,,,
1983-12-01,1.8,,,,,
1984-01-01,2.9,,,,,
1984-02-01,2.8,,,,,
1984-03-01,1.4,,,,,
1984-04-01,-1.7,,,,,
1984-05-01,-3.3,,,,,
1984-06-01,-6.7,,,,,
1984-07-01,-7.4,,,,,
1984-08-01,-6.7,,,,,
1984-09-01,-3.4,,,,,
1984-10-01,-3.3,,,,,
1984-11-01,0.9,,,,,
1984-12-01,3.7,,,,,
1985-01-01,4.2,,,,,
1985-02-01,3.7,,,,,
1985-03-01,0.9,,,,,
1985-04-01,0.0,,,,,
1985-05-01,-4.3,,,,,
1985-06-01,-3.7,,,,,
1985-07-01,-5.9,,,,,
1985-08-01,-5.9,,,,,
1985-09-01,-1.4,,,,,
1985-10-01,-0.7,,,,,
1985-11-01,2.5,,,,,
1985-12-01,3.7,,,,,
1986-01-01,5.2,,,,,
1986-02-01,3.9,,,,,
1986-03-01,3.3,,,,,
1986-04-01,-0.4,,,,,
1986-05-01,-4.7,,,,,
1986-06-01,-4.5,,,,,
1986-07-01,-6.9,,,,,
1986-08-01,-9.1,,,,,
1986-09-01,-9.0,,,,,
1986-10-01,-2.8,,,,,
1986-11-01,,,,,,
1986-12-01,,,,,,
1987-01-01,,,,,,
1987-02-01,1.9,,,,,
1987-03-01,,,,,,
1987-04-01,-1.9,,,,,
1987-05-01,-2.8,,,,,
1987-06-01,-7.1,,,,,
1987-07-01,,,,,,
1987-08-01,-7.8,,,,,
1987-09-01,-9.9,,,,,
1987-10-01,-1.4,,,,,
1987-11-01,0.8,,,,,
1987-12-01,1.8,,,,,
1988-01-01,2.3,,,,,
1988-02-01,2.7,,,,,
1988-03-01,1.2,,,,,
1988-04-01,-0.1,,,,,
1988-05-01,-1.3,,,,,
1988-06-01,-2.9,,,,,
1988-07-01,-3.0,,,,,
1988-08-01,-6.8,,,,,
1988-09-01,-2.2,,,,,
1988-10-01,0.0,,,,,
1988-11-01,,,,,,
1988-12-01,,,,,,
1989-01-01,,,,,,
1989-02-01,4.1,,,,,
1989-03-01,,,,,,
1989-04-01,-1.88,30.0,992.05,30.0,0.77 != 0.64,25.0 != 30.0
1989-05-01,-1.04,31.0,982.24,31.0,1.89 != 1.28,21.0 != 31.0
1989-06-01,-2.36,30.0,982.96,30.0,2.54 != 2.29,27.0 != 30.0
1989-07-01,-1.65,31.0,992.08,31.0,1.77 != 1.32,23.0 != 31.0
1989-08-01,-2.39,31.0,998.23,31.0,1.72 != 1.27,23.0 != 31.0
1989-09-01,-2.4,30.0,989.73,30.0,1.73 != 1.15,20.0 != 30.0
1989-10-01,-0.4,31.0,982.5,31.0,3.91 != 3.03,24.0 != 31.0
1989-11-01,1.1,30.0,984.09,30.0,1.37 != 0.82,18.0 != 30.0
1989-12-01,2.61,31.0,992.6,31.0,1.31 != 0.89,21.0 != 31.0
1990-01-01,3.64,31.0,992.4,31.0,1.67 != 1.45,27.0 != 31.0
1990-02-01,3.62,28.0,990.18,28.0,3.05 != 2.07,19.0 != 28.0
1990-03-01,1.87,31.0,983.86,31.0,3.0 != 2.42,25.0 != 31.0
1990-04-01,-2.5,30.0,992.1,30.0,0.84 != 0.56,20.0 != 30.0
1990-05-01,-3.01,31.0,1003.25,31.0,1.13 != 0.73,20.0 != 31.0
1990-06-01,-3.41,30.0,981.42,30.0,1.38 != 1.15,25.0 != 30.0
1990-07-01,-2.91,31.0,989.13,31.0,1.48 != 1.25,26.0 != 31.0
1990-08-01,-6.31,31.0,978.39,31.0,1.87 != 1.33,22.0 != 31.0
1990-09-01,-4.66,30.0,992.88,30.0,1.73 != 1.21,21.0 != 30.0
1990-10-01,-2.24,31.0,974.53,31.0,2.25 != 2.1,29.0 != 31.0
1990-11-01,-1.4,30.0,970.61,30.0,1.47 != 1.17,24.0 != 30.0
1990-12-01,1.59,31.0,986.33,31.0,1.96 != 1.83,29.0 != 31.0
1991-01-01,3.09,31.0,983.83,31.0,3.67 != 3.2,27.0 != 31.0
1991-02-01,2.59,28.0,989.61,28.0,1.79 != 1.6,25.0 != 28.0
1991-03-01,0.85,31.0,987.77,31.0,2.12 != 1.71,25.0 != 31.0
1991-04-01,-1.09,30.0,989.96,30.0,2.01 != 1.94,29.0 != 30.0
1991-05-01,-5.12,31.0,986.77,31.0,1.27 != 1.18,29.0 != 31.0
1991-06-01,-7.4,30.0,989.93,30.0,1.39 != 1.34,29.0 != 30.0
1991-07-01,-6.13,31.0,992.1,31.0,1.6 != 1.4,27.0 != 31.0
1991-08-01,-6.52,31.0,984.51,31.0,4.41 != 3.84,27.0 != 31.0
1991-09-01,-4.24,30.0,995.73,30.0,1.46 != 1.41,29.0 != 30.0
1991-10-01,-5.22,31.0,985.47,31.0,1.8 != 1.51,26.0 != 31.0
1991-11-01,-0.46,30.0,985.1 != 985.09,30.0,3.07 != 2.86,28.0 != 30.0
1991-12-01,1.44,31.0,997.65,31.0,0.06,29.0 != 31.0
1992-01-01,2.58,31.0,988.45,31.0,4.16 != 3.75,28.0 != 31.0
1992-02-01,1.28,29.0,985.13,29.0,3.31 != 3.08,27.0 != 29.0
1992-03-01,-0.34,31.0,989.09,31.0,2.95 != 2.57,27.0 != 31.0
1992-04-01,-0.86,30.0,992.47,30.0,4.75 != 4.43,28.0 != 30.0
1992-05-01,-5.8,31.0,998.04,31.0,1.57 != 1.21,24.0 != 31.0
1992-06-01,-8.08,30.0,1001.5,30.0,1.01 != 0.74,22.0 != 30.0
1992-07-01,-8.36,31.0,994.62,31.0,2.4,31.0
1992-08-01,-6.29,31.0,988.56,31.0,1.9 != 1.54,25.0 != 31.0
1992-09-01,-4.27,30.0,984.38,30.0,2.6 != 2.51,29.0 != 30.0
1992-10-01,-1.5,31.0,983.4,31.0,1.0 != 0.84,26.0 != 31.0
1992-11-01,0.12,30.0,991.47,30.0,2.78 != 2.41,26.0 != 30.0
1992-12-01,3.33,31.0,992.47,31.0,2.81 != 2.72,30.0 != 31.0
1993-01-01,3.18,31.0,995.13,31.0,2.04 != 1.58,24.0 != 31.0
1993-02-01,2.45,28.0,993.68,28.0,1.8 != 1.6,25.0 != 28.0
1993-03-01,-0.05,31.0,985.78,31.0,5.48 != 5.13,29.0 != 31.0
1993-04-01,-0.99,30.0,984.55,30.0,4.13 != 3.72,27.0 != 30.0
1993-05-01,-2.39,31.0,984.79,31.0,5.12,31.0
1993-06-01,-4.97,30.0,990.12,30.0,4.72 != 4.4,28.0 != 30.0
1993-07-01,-4.28,31.0,988.95,31.0,2.35 != 2.12,28.0 != 31.0
1993-08-01,-4.66,31.0,985.27,31.0,2.05 != 1.85,28.0 != 31.0
1993-09-01,-4.64,30.0,982.25,30.0,2.11 != 1.83,26.0 != 30.0
1993-10-01,-3.32,31.0,984.48,31.0,3.14 != 2.73,27.0 != 31.0
1993-11-01,0.79,30.0,980.12,30.0,3.67,30.0
1993-12-01,1.13,31.0,983.73,31.0,0.62 != 0.52,26.0 != 31.0
1994-01-01,2.15,31.0,983.6,31.0,3.01 != 2.82,29.0 != 31.0
1994-02-01,2.04,28.0,983.74,28.0,3.36 != 2.64,22.0 != 28.0
1994-03-01,0.83,31.0,991.82,31.0,3.11 != 2.91,29.0 != 31.0
1994-04-01,-0.8,30.0,992.04,30.0,2.09 != 1.95,28.0 != 30.0
1994-05-01,-3.19,31.0,994.69,31.0,0.2 != 0.18,27.0 != 31.0
1994-06-01,-4.58,30.0,993.94,30.0,1.82 != 1.58,26.0 != 30.0
1994-07-01,-10.99,31.0,994.13,31.0,2.03 != 1.64,25.0 != 31.0
1994-08-01,-6.61,31.0,983.98,31.0,3.16 != 2.95,29.0 != 31.0
1994-09-01,-6.15,30.0,977.53,30.0,1.62 != 1.35,25.0 != 30.0
1994-10-01,-6.65,31.0,987.97,31.0,1.28 != 1.2,29.0 != 31.0
1994-11-01,1.72,30.0,990.03,30.0,3.09 != 2.78,27.0 != 30.0
1994-12-01,1.81,31.0,986.13,31.0,1.08 != 1.01,29.0 != 31.0
1995-01-01,3.47,31.0,988.81,31.0,2.73 != 2.64,30.0 != 31.0
1995-02-01,2.39,28.0,988.49,28.0,2.29,28.0
1995-03-01,0.06,31.0,982.36,31.0,1.82 != 1.65,28.0 != 31.0
1995-04-01,-0.14,30.0,987.97,30.0,3.01 != 2.91,29.0 != 30.0
1995-05-01,-2.47,31.0,990.23,31.0,1.8,31.0
1995-06-01,-5.98,30.0,988.78,30.0,1.37,30.0
1995-07-01,-8.48,31.0,988.15,31.0,1.49 != 1.35,28.0 != 31.0
1995-08-01,-12.43,31.0,992.9,31.0,1.67 != 1.56,29.0 != 31.0
1995-09-01,-8.24,30.0,984.65,30.0,2.55 != 2.46,29.0 != 30.0
1995-10-01,-2.72,31.0,989.38,31.0,2.12 != 1.98,29.0 != 31.0
1995-11-01,-1.37,30.0,980.31,30.0,1.23 != 1.19,29.0 != 30.0
1995-12-01,1.07,31.0,983.53,31.0,1.94 != 1.87,30.0 != 31.0
1996-01-01,2.4,31.0,988.94,31.0,2.71 != 2.53,29.0 != 31.0
1996-02-01,2.12,29.0,986.55,29.0,2.99 != 2.79,27.0 != 29.0
1996-03-01,1.24,31.0,982.91,31.0,2.37,31.0
1996-04-01,-1.1 != -1.09,30.0,994.54,30.0,2.27,30.0
1996-05-01,-1.41,31.0,982.39,31.0,2.04,31.0
1996-06-01,-3.32,30.0,991.43,30.0,1.14,30.0
1996-07-01,-4.91,31.0,987.01,31.0,1.68,31.0
1996-08-01,-5.66,31.0,987.74,31.0,1.0,31.0
1996-09-01,-1.43,30.0,990.09,30.0,2.96 != 2.86,29.0 != 30.0
1996-10-01,-2.37,31.0,981.69,31.0,1.89 != 1.7,28.0 != 31.0
1996-11-01,-0.42,30.0,974.54,30.0,1.76 != 1.29,22.0 != 30.0
1996-12-01,1.63,31.0,986.68,31.0,1.8 != 1.45,25.0 != 31.0
1997-01-01,2.85,31.0,985.47,31.0,1.21 != 1.01,26.0 != 31.0
1997-02-01,1.74,28.0,991.27,28.0,2.87 != 2.67,26.0 != 28.0
1997-03-01,0.45,31.0,988.46,31.0,2.9 != 2.52,27.0 != 31.0
1997-04-01,-1.48,30.0,983.49,30.0,2.14 != 1.93,27.0 != 30.0
1997-05-01,-2.51,31.0,997.11,31.0,1.58 != 1.53,30.0 != 31.0
1997-06-01,-3.76,30.0,1000.86,30.0,1.95 != 1.82,28.0 != 30.0
1997-07-01,-7.79,31.0,987.07,31.0,2.03 != 1.9,29.0 != 31.0
1997-08-01,-6.86,31.0,982.33,31.0,1.94 != 1.69,27.0 != 31.0
1997-09-01,-8.65,30.0,992.42,30.0,1.58 != 1.37,26.0 != 30.0
1997-10-01,-2.85,31.0,987.65,31.0,2.08 != 1.95,29.0 != 31.0
1997-11-01,-1.63,30.0,994.67,30.0,1.52 != 1.37,27.0 != 30.0
1997-12-01,1.53,31.0,996.33,31.0,0.7 != 0.68,30.0 != 31.0
1998-01-01,2.94,31.0,982.89,31.0,1.8 != 1.74,30.0 != 31.0
1998-02-01,2.07,28.0,992.57,28.0,4.19,28.0
1998-03-01,1.04,31.0,988.04,31.0,2.09,31.0
1998-04-01,0.49,30.0,990.63,30.0,4.41,30.0
1998-05-01,-2.77,31.0,999.25,31.0,2.22,31.0
1998-06-01,-1.03,30.0,993.1,30.0,2.52,30.0
1998-07-01,-3.56,31.0,974.18,31.0,1.29,31.0
1998-08-01,-4.86,31.0,981.49,31.0,1.3,31.0
1998-09-01,-5.49,30.0,986.39,30.0,1.78,30.0
1998-10-01,-1.59,31.0,976.71,31.0,1.12 != 0.94,26.0 != 31.0
1998-11-01,-0.08,30.0,980.69,30.0,1.43 != 1.28,27.0 != 30.0
1998-12-01,1.2,31.0,980.3,31.0,0.88 != 0.85,30.0 != 31.0
1999-01-01,2.44,31.0,986.21,31.0,2.58,31.0
1999-02-01,2.15,28.0,980.32,28.0,3.22,28.0
1999-03-01,1.56,31.0,991.04,31.0,4.78 != 4.47,29.0 != 31.0
1999-04-01,0.25,30.0,983.66,30.0,4.98 != 4.48,27.0 != 30.0
1999-05-01,-0.62,31.0,988.76,31.0,1.58 != 1.43,28.0 != 31.0
1999-06-01,-3.83,30.0,994.06,30.0,1.72 != 1.66,29.0 != 30.0
1999-07-01,-3.64,31.0,985.4,31.0,2.99 != 2.61,27.0 != 31.0
1999-08-01,-8.12,31.0,987.58,31.0,1.5 != 1.25,26.0 != 31.0
1999-09-01,-6.82,30.0,989.09,30.0,2.42 != 1.94,24.0 != 30.0
1999-10-01,-2.18,31.0,982.7,31.0,1.41 != 1.36,30.0 != 31.0
1999-11-01,-0.03,30.0,982.96,30.0,3.22 != 2.79,26.0 != 30.0
1999-12-01,1.06,31.0,979.31,31.0,2.29 != 2.06,28.0 != 31.0
2000-01-01,1.68,31.0,977.74,31.0,1.87 != 1.75,29.0 != 31.0
2000-02-01,1.81,29.0,992.19,29.0,2.77,29.0
2000-03-01,0.8,31.0,999.26,31.0,2.69 != 2.26,26.0 != 31.0
2000-04-01,-0.53,30.0,983.3,30.0,4.45 != 4.16,28.0 != 30.0
2000-05-01,-2.06,31.0,994.06,31.0,2.79 != 2.7,30.0 != 31.0
2000-06-01,-2.83,30.0,992.06,30.0,2.37 != 2.13,27.0 != 30.0
2000-07-01,-3.24,31.0,1000.82,31.0,0.94 != 0.82,27.0 != 31.0
2000-08-01,-5.42,31.0,988.35,31.0,1.01 != 0.88,27.0 != 31.0
2000-09-01,-6.8,30.0,998.68,30.0,1.17 != 0.93,24.0 != 30.0
2000-10-01,-1.36,31.0,985.59,31.0,2.09 != 1.69,25.0 != 31.0
2000-11-01,-0.32,30.0,991.18,30.0,1.69 != 1.52,27.0 != 30.0
2000-12-01,1.89,31.0,986.09,31.0,0.37 != 0.33,27.0 != 31.0
2001-01-01,2.53,31.0,985.86,31.0,0.84 != 0.7,26.0 != 31.0
2001-02-01,2.65,28.0,985.67,28.0,1.5 != 1.13,21.0 != 28.0
2001-03-01,1.62,31.0,982.83,31.0,2.73 != 2.47,28.0 != 31.0
2001-04-01,-1.55,30.0,983.08,30.0,2.43 != 2.27,28.0 != 30.0
2001-05-01,-0.17,31.0,993.51,31.0,1.18 != 1.11,29.0 != 31.0
2001-06-01,-4.24,30.0,989.19,30.0,1.02 != 0.85,25.0 != 30.0
2001-07-01,-6.47,31.0,993.6,31.0,1.24,31.0
2001-08-01,-5.67,31.0,975.35,31.0,2.77,31.0
2001-09-01,-5.07,30.0,986.95,30.0,3.13 != 2.92,28.0 != 30.0
2001-10-01,-2.28,31.0,976.53,31.0,7.59,31.0
2001-11-01,-1.06,30.0,974.18,30.0,4.57 != 4.27,28.0 != 30.0
2001-12-01,0.91,31.0,976.95,31.0,2.87 != 2.59,28.0 != 31.0
2002-01-01,2.03,31.0,983.85,31.0,2.76 != 2.58,29.0 != 31.0
2002-02-01,1.63,28.0,981.6,28.0,5.22 != 5.03,27.0 != 28.0
2002-03-01,-0.29,31.0,988.92,31.0,1.41 != 1.09,24.0 != 31.0
2002-04-01,0.2,30.0,983.12,30.0,1.79 != 1.67,28.0 != 30.0
2002-05-01,-4.75,31.0,991.6,31.0,1.6 != 1.44,28.0 != 31.0
2002-06-01,-8.66,30.0,988.31,30.0,1.41 != 1.27,27.0 != 30.0
2002-07-01,-7.62,31.0,991.18,31.0,3.98 != 3.85,30.0 != 31.0
2002-08-01,-6.75,31.0,996.43,31.0,1.72 != 1.61,29.0 != 31.0
2002-09-01,-2.72,30.0,998.98,30.0,1.63,30.0
2002-10-01,-4.53,31.0,984.49,31.0,2.16 != 1.88,27.0 != 31.0
2002-11-01,-1.21,30.0,986.42,30.0,1.0 != 0.9,27.0 != 30.0
2002-12-01,1.55,31.0,984.73,31.0,2.79 != 2.61,29.0 != 31.0
2003-01-01,2.99,31.0,988.84,31.0,0.73 != 0.69,29.0 != 31.0
2003-02-01,2.29,28.0,981.49,28.0,2.83 != 2.52,25.0 != 28.0
2003-03-01,0.32,31.0,993.65,31.0,3.06 != 2.66,27.0 != 31.0
2003-04-01,-0.61,30.0,989.68,30.0,2.92 != 2.72,28.0 != 30.0
2003-05-01,-2.44,31.0,987.74,31.0,2.16 != 2.09,30.0 != 31.0
2003-06-01,-4.54,30.0,996.29,30.0,2.19,30.0
2003-07-01,-3.07,31.0,980.59,31.0,3.11 != 2.91,29.0 != 31.0
2003-08-01,-1.85,31.0,982.22,31.0,3.58,31.0
2003-09-01,-4.24,30.0,987.82,30.0,3.2 != 2.98,28.0 != 30.0
2003-10-01,-2.78,31.0,982.81,31.0,1.92 != 1.74,28.0 != 31.0
2003-11-01,-0.91,30.0,983.5,30.0,0.58 != 0.54,28.0 != 30.0
2003-12-01,0.72,31.0,994.58,31.0,0.14,31.0
2004-01-01,2.69,31.0,984.97,31.0,0.73,31.0
2004-02-01,2.01,29.0,995.77,29.0,3.07,29.0
2004-03-01,1.38,31.0,986.12,31.0,2.37,31.0
2004-04-01,-0.31,30.0,990.72,30.0,2.23,30.0
2004-05-01,-2.32,31.0,992.28,31.0,2.96,31.0
2004-06-01,-2.81,30.0,987.89,30.0,0.49,30.0
2004-07-01,-3.4,31.0,988.06,31.0,0.82,31.0
2004-08-01,-6.9,31.0,989.55,31.0,0.78,31.0
2004-09-01,-6.83,30.0,978.06,30.0,0.87,30.0
2004-10-01,-4.23,31.0,987.49,31.0,1.65,31.0
2004-11-01,0.01,30.0,991.95,30.0,1.63,30.0
2004-12-01,1.29,31.0,990.2,31.0,1.17,31.0
2005-01-01,1.55,31.0,985.45,31.0,1.51,31.0
2005-02-01,1.55,28.0,983.9,28.0,4.08,28.0
2005-03-01,0.49,31.0,987.88,31.0,2.24,31.0
2005-04-01,-1.05,30.0,982.17,30.0,1.01,30.0
2005-05-01,-2.76,31.0,993.4,31.0,0.89,31.0
2005-06-01,-5.73,30.0,995.8,30.0,0.47,30.0
2005-07-01,-5.73,31.0,995.94,31.0,1.0,31.0
2005-08-01,-6.08,31.0,990.85,31.0,1.0,31.0
2005-09-01,-2.68,30.0,998.21,30.0,0.67,30.0
2005-10-01,-1.42,31.0,989.98,31.0,1.4,31.0
2005-11-01,0.16,30.0,991.27,30.0,0.46,30.0
2005-12-01,0.44,31.0,993.72,30.0,0.67,31.0
2006-01-01,2.35,31.0,990.88,31.0,0.8,31.0
2006-02-01,2.85,28.0,994.27,28.0,1.16,28.0
2006-03-01,2.34,31.0,976.85,31.0,3.16,31.0
2006-04-01,-0.07,22.0,991.24,22.0,1.12,30.0
2006-05-01,-1.42,31.0,985.03,31.0,2.09,31.0
2006-06-01,-2.92,30.0,996.7,30.0,1.59,30.0
2006-07-01,-4.31,31.0,992.48,31.0,1.04,31.0
2006-08-01,-6.21,31.0,999.22,31.0,0.59,31.0
2006-09-01,-5.45,30.0,988.98,30.0,1.72,30.0
2006-10-01,-0.52,31.0,987.8,31.0,1.5,31.0
2006-11-01,-0.46,30.0,980.61,30.0,0.67,30.0
2006-12-01,2.31,31.0,983.03,31.0,0.87,31.0
2007-01-01,2.73,31.0,990.53,31.0,0.7,31.0
2007-02-01,1.96,28.0,987.02,28.0,1.82,28.0
2007-03-01,0.05,31.0,987.54,31.0,0.83,31.0
2007-04-01,-1.93,30.0,989.71,30.0,1.55,30.0
2007-05-01,-2.07,31.0,997.55,31.0,0.89,31.0
2007-06-01,-4.32,30.0,990.5,30.0,0.4,30.0
2007-07-01,-6.52,31.0,992.73,31.0,0.53,31.0
2007-08-01,-4.55,31.0,984.24,31.0,0.93,31.0
2007-09-01,-2.35,30.0,993.91,30.0,1.9,30.0
2007-10-01,-2.65,31.0,981.85,31.0,0.77,31.0
2007-11-01,-0.79,30.0,989.15,30.0,0.64,30.0
2007-12-01,1.17,31.0,982.7,31.0,1.44,31.0
2008-01-01,2.16,31.0,985.5,31.0,2.66,31.0
2008-02-01,2.22,29.0,986.41,29.0,1.44,29.0
2008-03-01,1.27,31.0,988.1,31.0,2.66,31.0
2008-04-01,-0.49 != -0.84,27.0 != 30.0,983.49 != 984.3,27.0 != 30.0,2.23 != 2.01,27.0 != 30.0
2008-05-01,-0.88,31.0,989.53,31.0,2.01,31.0
2008-06-01,-1.89,30.0,989.79,30.0,1.42,30.0
2008-07-01,-3.93,31.0,993.78,31.0,0.76,31.0
2008-08-01,-7.11,31.0,988.04,31.0,0.25,31.0
2008-09-01,-1.04,30.0,995.92,30.0,2.77,30.0
2008-10-01,-0.58,31.0,981.51,31.0,1.26,31.0
2008-11-01,0.59,30.0,980.82,30.0,1.94,30.0
2008-12-01,0.72,31.0,979.72,31.0,1.81,31.0
2009-01-01,, != 0.0,, != 0.0,, != 0.0
2009-02-01,2.3,28.0,985.2,28.0,1.81,28.0
2009-03-01, != 1.83, != 31.0, != 985.35, != 31.0, != 2.57, != 31.0
2009-04-01,-1.58,30.0,989.42,30.0,0.71,30.0
2009-05-01,-0.99,31.0,984.53,31.0,1.61,31.0
2009-06-01,-3.98,30.0,986.89,30.0,0.06,30.0
2009-07-01,-6.13,31.0,991.92,31.0,0.63,31.0
2009-08-01,-3.83,31.0,999.55,31.0,0.1,31.0
2009-09-01,-4.43,30.0,986.38,30.0,0.69,30.0
2009-10-01,-2.86,31.0,975.06,31.0,0.64,8.0
2009-11-01,-1.27,30.0,984.5,30.0,0.0 != ,0.0
2009-12-01,1.54,31.0,985.94,31.0,1.22,31.0
2010-01-01,1.76,31.0,989.31,31.0,0.39,31.0
2010-02-01,1.79,28.0,993.02,28.0,1.51,28.0
2010-03-01,0.77,31.0,985.54,31.0,1.12,31.0
2010-04-01,-0.83,30.0,982.67,30.0,3.75,30.0
2010-05-01,-1.52,31.0,982.92,31.0,2.23,31.0
2010-06-01,-1.82,30.0,983.52,30.0,1.68,30.0
2010-07-01,-4.44,31.0,990.06,31.0,1.85,31.0
2010-08-01,-3.9,31.0,988.62,31.0,0.59,31.0
2010-09-01,-2.34,30.0,988.12,30.0,1.03,30.0
2010-10-01,-0.19,31.0,980.65,31.0,2.79,31.0
2010-11-01,0.85,30.0,983.17,30.0,2.78,30.0
2010-12-01,1.43,31.0,980.07,31.0,0.1,31.0
2011-01-01,2.12,31.0,991.33,31.0,0.65,31.0
2011-02-01,2.43,28.0,985.95,28.0,2.89,28.0
2011-03-01,0.13,31.0,989.32,31.0,1.16,31.0
2011-04-01,-1.9,30.0,985.0,30.0,0.27,30.0
2011-05-01,-1.42,31.0,985.89,31.0,1.61,31.0
2011-06-01,-4.15,30.0,990.45,30.0,0.68,30.0
2011-07-01,-6.36,31.0,998.23,31.0,0.61,31.0
2011-08-01,-7.16,31.0,1003.03,31.0,0.51,31.0
2011-09-01,-5.75,30.0,991.75,30.0,0.86,30.0
2011-10-01,-2.01,31.0,983.94,31.0,1.8,31.0
2011-11-01,0.16,30.0,985.6,30.0,1.29,30.0
2011-12-01,1.55,31.0,983.82,31.0,2.45,31.0
2012-01-01,1.14,31.0,984.26,31.0,2.28,31.0
2012-02-01,0.95,29.0,982.83,29.0,1.27,29.0
2012-03-01,1.35,31.0,987.99,31.0,1.48,31.0
2012-04-01,-0.84,30.0,992.98,30.0,0.8,30.0
2012-05-01,-0.47,31.0,990.73,31.0,0.71,31.0
2012-06-01,-5.01,30.0,975.2,30.0,1.09,30.0
2012-07-01,-3.42,31.0,986.03,31.0,0.75,31.0
2012-08-01,-3.29,31.0,984.77,31.0,0.93,31.0
2012-09-01,-3.13,30.0,991.75,30.0,1.21,30.0
2012-10-01,-4.0,31.0,981.07,31.0,0.86,31.0
2012-11-01,-1.36,30.0,984.44,30.0,0.47,30.0
2012-12-01,0.94,31.0,992.79,31.0,0.07,31.0
2013-01-01,2.28,31.0,987.18,31.0,2.72,31.0
2013-02-01,1.84,28.0,987.11,28.0,1.86,28.0
2013-03-01,1.44,31.0,994.55,31.0,3.09,31.0
2013-04-01,0.8,30.0,983.01,30.0,4.22,30.0
2013-05-01,-1.82,31.0,985.15,31.0,1.24,31.0
2013-06-01,-3.52,30.0,978.37,30.0,0.78,30.0
2013-07-01,-5.12,31.0,983.76,31.0,0.96,31.0
2013-08-01,-6.58,31.0,988.91,31.0,0.47,31.0
2013-09-01,-7.25,30.0,995.48,30.0,0.51,30.0
2013-10-01,-2.79,31.0,981.19,31.0,0.87,31.0
2013-11-01,-2.22,30.0,978.11,30.0,1.62,30.0
2013-12-01,-0.21,31.0,986.81,31.0,0.25,31.0
2014-01-01,1.33,31.0,990.02,31.0,0.84,31.0
2014-02-01,0.86,28.0,988.43,28.0,1.94,28.0
2014-03-01,0.06,31.0,982.27,31.0,0.85,31.0
2014-04-01,-0.26,30.0,994.47,30.0,1.29,30.0
2014-05-01,-0.87,31.0,990.88,31.0,0.52,31.0
2014-06-01,-2.88,30.0,991.13,30.0,1.12,30.0
2014-07-01,-3.95,31.0,991.13,31.0,1.06,31.0
2014-08-01,-5.55,31.0,994.86,31.0,0.64,31.0
2014-09-01,-3.57,30.0,996.06,30.0,0.65,30.0
2014-10-01,-3.0,31.0,979.93,31.0,1.77,31.0
2014-11-01,-1.27,30.0,978.66,30.0,0.71,30.0
2014-12-01,0.35,31.0,982.38,31.0,0.5,31.0
2015-01-01,1.71,31.0,989.35,31.0,1.72,31.0
2015-02-01,1.53,28.0,984.98,28.0,1.51,28.0
2015-03-01,0.5,31.0,985.91,31.0,2.02,31.0
2015-04-01,-0.4,30.0,986.48,30.0,1.74,30.0
2015-05-01,-2.67,31.0,989.27,31.0,0.69,31.0
2015-06-01,-6.21,30.0,981.82,30.0,0.0,30.0
2015-07-01,-10.72,31.0,984.4,31.0,0.0,31.0
2015-08-01,-9.12,31.0,982.52,31.0,0.0,31.0
2015-09-01,-9.66,30.0,983.13,30.0,0.68,30.0
2015-10-01,-2.81,31.0,988.07,31.0,3.32,31.0
2015-11-01,-1.54,30.0,977.44,30.0,1.69,30.0
2015-12-01,-0.12,31.0,982.25,31.0,0.93,31.0
2016-01-01,0.87,31.0,984.89,31.0,1.42,31.0
2016-02-01,1.17,29.0,982.0,29.0,2.01,29.0
2016-03-01,0.43,31.0,979.5,31.0,3.74,31.0
2016-04-01,-2.8,30.0,983.1,30.0,1.42,30.0
2016-05-01,-2.16,31.0,1000.47,31.0,1.27,31.0
2016-06-01, != -1.97, != 30.0, != 985.71, != 30.0, != 2.73, != 30.0
2016-07-01,-6.78 != -6.74,30.0 != 31.0,993.04 != 993.23,30.0 != 31.0,0.75 != 0.78,30.0 != 31.0
2016-08-01,-7.5,31.0,990.15,31.0,1.82,31.0
2016-09-01,-1.81 != -1.8,29.0 != 30.0,983.78 != 984.1,29.0 != 30.0,5.5 != 5.33,29.0 != 30.0
2016-10-01,-1.25,31.0,989.13,31.0,2.39,31.0
2016-11-01,-1.31,30.0,980.74,30.0,1.18,30.0
2016-12-01,0.86 != 0.89,30.0 != 31.0,988.03 != 988.27,30.0 != 31.0,0.18 != 0.19,30.0 != 31.0
2017-01-01,2.56,30.0,983.83,30.0,0.85,30.0
2017-02-01,2.67,28.0,989.92,28.0,0.99,28.0
2017-03-01,1.96,31.0,997.61,31.0,4.35,31.0
2017-04-01,0.36 != -0.92,14.0 != 30.0,989.37 != 990.63,14.0 != 30.0,2.09 != 1.56,14.0 != 30.0
2017-05-01, != -0.84, != 31.0, != 985.93, != 31.0, != 2.67, != 31.0
2017-06-01,0.36 != -3.45,14.0 != 30.0,989.37 != 983.17,14.0 != 30.0,2.09 != 0.55,14.0 != 30.0
2017-07-01,-4.35,31.0,979.74,31.0,3.81,31.0
2017-08-01,-4.55,31.0,983.77,31.0,0.58,31.0
2017-09-01,-7.64,30.0,972.81,30.0,4.09,30.0
2017-10-01,-3.41,31.0,978.96,31.0,1.82,31.0
2017-11-01,-1.19,30.0,983.38,30.0,1.31,30.0
2017-12-01,1.19,31.0,975.08,31.0,0.63,31.0
2018-01-01,1.78 != 1.79,30.0 != 31.0,981.52 != 981.61,30.0 != 31.0,1.84 != 1.78,30.0 != 31.0
2018-02-01,2.65 != 2.6,27.0 != 28.0,979.3 != 979.44,27.0 != 28.0,1.31 != 1.26,27.0 != 28.0
2018-03-01,1.24,31.0,975.78,31.0,5.83,31.0
2018-04-01,0.06 != 0.04,28.0 != 30.0,983.4 != 983.31,28.0 != 30.0,1.39 != 2.22,28.0 != 30.0
2018-05-01,-2.78,31.0,985.36,31.0,1.05,31.0
2018-06-01,-3.24,30.0,989.93,30.0,1.57,30.0
2018-07-01,-4.89,31.0,988.95,31.0,2.95,31.0
2018-08-01, != -6.26, != 31.0, != 983.01, != 31.0, != 2.48, != 31.0
2018-09-01,-5.6,30.0,985.31,30.0,3.1,30.0
2018-10-01,-2.64,31.0,990.92,31.0,1.26,31.0
2018-11-01, != -0.29, != 30.0, != 973.21, != 25.0, != 2.58, != 30.0
2018-12-01, != 0.47, != 31.0, != 975.66, != 31.0, != 2.39, != 31.0
2019-01-01,1.21,31.0,980.53,31.0,0.71,31.0
2019-02-01, != 0.76, != 28.0, != 986.8, != 28.0, != 1.05, != 28.0
2019-03-01,0.84,31.0,986.08,31.0,3.33,31.0
2019-04-01, != -0.37, != 30.0, != 980.89, != 30.0, != 5.35, != 30.0
2019-05-01, != -2.96, != 31.0, != 983.71, != 31.0, != 2.31, != 31.0
2019-06-01, != -3.26, != 30.0, != 989.32, != 30.0, != 0.62, != 30.0
2019-07-01, != -4.22, != 31.0, != 997.19, != 31.0, != 0.65, != 31.0
2019-08-01, != -4.79, != 31.0, != 991.98, != 31.0, != 0.16, != 31.0
2019-09-01, != -5.66, != 30.0, != 986.25, != 30.0, != 0.84, != 30.0
2019-10-01, != -2.92, != 31.0, != 983.7, != 31.0, != 5.16, != 31.0
2019-11-01, != -1.0, != 30.0, != 983.17, != 30.0, != 1.33, != 30.0
2019-12-01, != 0.8, != 31.0, != 989.36, != 31.0, != 0.55, != 31.0
2020-01-01, != 3.03, != 31.0, != 985.59, != 27.0, != 0.95, != 31.0
2020-02-01, != 2.69, != 29.0, != 991.04, != 22.0, != 1.25, != 29.0
2020-03-01, != 0.92, != 31.0, != 982.89, != 31.0, != 2.27, != 31.0
2020-04-01, != -0.37, != 30.0, != 983.23, != 30.0, != 3.56, != 30.0
2020-05-01, != -2.01, != 31.0, != 993.4, != 31.0, != 0.88, != 31.0
2020-06-01, != -2.43, != 30.0, != 989.61, != 30.0, != 0.59, != 30.0
2020-07-01, != -4.84, != 29.0, != 998.59, != 29.0, != 0.34, != 31.0
2020-08-01, != -4.64, != 31.0, != 987.21, != 31.0, != 0.7, != 31.0
2020-09-01, != -4.54, != 30.0, != 982.19, != 30.0, != 1.35, != 30.0
2020-10-01, != -2.36, != 31.0, != 979.63, != 31.0, != 1.41, != 31.0
2020-11-01, != 0.28, != 30.0, != 977.49, != 30.0, != 4.54, != 30.0
2020-12-01, != 0.64, != 31.0, != 978.33, != 31.0, != 2.31, != 31.0
2021-01-01, != 2.17, != 31.0, != 982.16, != 31.0, != 2.34, != 31.0
2021-02-01, != 2.11, != 28.0, != 981.48, != 28.0, != 5.3, != 28.0
2021-03-01, != 0.81, != 31.0, != 979.94, != 31.0, != 3.42, != 31.0
2021-04-01, != -1.0, != 30.0, != 982.41, != 30.0, != 4.17, != 30.0
2021-05-01, != -1.78, != 31.0, != 989.87, != 31.0, != 4.62, != 31.0
2021-06-01, != -2.64, != 30.0, != 990.82, != 30.0, != 2.09, != 30.0
2021-07-01, != -3.21, != 31.0, != 987.62, != 31.0, != 0.86, != 31.0
2021-08-01, != -6.55, != 31.0, != 980.19, != 31.0, != 1.58, != 31.0
2021-09-01, != -1.82, != 30.0, != 977.15, != 30.0, != 2.74, != 30.0
2021-10-01, != -0.61, != 31.0, != 972.75, != 31.0, != 2.14, != 31.0
2021-11-01, != 0.37, != 30.0, != 980.03, != 30.0, != 4.1, != 30.0
2021-12-01, != 0.85, != 31.0, != 976.39, != 31.0, != 4.01, != 31.0
2022-01-01, != 1.99, != 31.0, != 984.14, != 30.0, != 1.57, != 31.0
2022-02-01, != 2.12, != 28.0, != 982.74, != 28.0, != 1.82, != 28.0
2022-03-01, != 0.77, != 31.0, != 988.93, != 31.0, != 3.84, != 31.0
2022-04-01, != -0.49, != 30.0, != 982.91, != 30.0, != 1.49, != 30.0
2022-05-01, != -0.72, != 31.0, != 987.83, != 31.0, != 2.92, != 31.0
2022-06-01, != -2.22, != 30.0, != 980.97, != 30.0, != 4.1, != 30.0
2022-07-01, != -2.58, != 31.0, != 984.48, != 31.0, != 1.98, != 31.0
2022-08-01, != -1.18, != 31.0, != 986.59, != 30.0, != 2.87, != 31.0
2022-09-01, != -0.6, != 30.0, != 981.21, != 30.0, != 6.03, != 30.0
2022-10-01, != -1.62, != 31.0, != 973.77, != 31.0, != 1.79, != 31.0
2022-11-01, != 0.67, != 30.0, != 974.29, != 30.0, != 6.65, != 30.0
2022-12-01, != 1.56, != 31.0, != 979.93, != 31.0, != 1.08, != 31.0
2023-01-01, != 2.8, != 31.0, != 978.64, != 31.0, != 3.93, != 31.0
2023-02-01, != 2.3, != 28.0, != 983.15, != 28.0, != 1.98, != 28.0
2023-03-01, != 1.05, != 31.0, != 975.71, != 31.0, != 3.41, != 31.0
2023-04-01, != -0.16, != 30.0, != 981.03, != 30.0, != 5.37, != 30.0
2023-05-01, != -0.61, != 31.0, != 977.75, != 31.0, != 3.46, != 31.0
2023-06-01, != -2.72, != 30.0, != 989.89, != 30.0, != 0.9, != 30.0
